<application>
  <component name="AndroidLogcatFilterHistory">
    <option name="favorites">
      <list>
        <option value="package:mine tag:TAG_DEV " />
      </list>
    </option>
    <option name="mostRecentlyUsed" value="package:mine" />
    <option name="nonFavorites">
      <list>
        <option value="package:mine" />
        <option value="package:mine tag:RealImageLoader" />
        <option value="package:mine level:error" />
        <option value="package:mine " />
        <option value="package:mine tag:TAG_DEV" />
        <option value="package:mine tag:PUSHTOKEN" />
        <option value="package:mine ( tag:TAG_DEV | level:error )" />
      </list>
    </option>
  </component>
</application>