<application>
  <component name="com.intellij.ide.ui.customization.CustomActionsSchema">
    <group value="AndroidConnectDebuggerAction" is_action="true" action_type="-1" position="2">
      <path value="root" />
      <path value="Main Toolbar" />
      <path value="Right" />
      <path value="Android Main Toolbar Right" />
    </group>
    <group value="Android.InstantRunActions" is_group="true" forse_popup="false" action_type="-1" position="1">
      <path value="root" />
      <path value="Main Toolbar" />
      <path value="Right" />
      <path value="Android Main Toolbar Right" />
    </group>
    <group value="MakeGradleProject" is_action="true" action_type="1" position="0">
      <path value="root" />
      <path value="Main Toolbar" />
      <path value="Right" />
      <path value="Android Main Toolbar Right" />
    </group>
    <group value="CleanGradleProject" is_action="true" action_type="1" position="2">
      <path value="root" />
      <path value="Main Toolbar" />
      <path value="Right" />
      <path value="Android Main Toolbar Right" />
    </group>
    <group seperator="true" action_type="1" position="3">
      <path value="root" />
      <path value="Main Toolbar" />
      <path value="Right" />
    </group>
    <group seperator="true" action_type="1" position="4">
      <path value="root" />
      <path value="Main Toolbar" />
      <path value="Right" />
      <path value="Android Main Toolbar Right" />
    </group>
    <group value="Vcs.ShowTabbedFileHistory" is_action="true" action_type="1" position="5">
      <path value="root" />
      <path value="Main Toolbar" />
      <path value="Right" />
    </group>
    <group value="Vcs.UpdateProject" is_action="true" action_type="1" position="6">
      <path value="root" />
      <path value="Main Toolbar" />
      <path value="Right" />
    </group>
    <group value="Vcs.Push" is_action="true" action_type="1" position="7">
      <path value="root" />
      <path value="Main Toolbar" />
      <path value="Right" />
    </group>
    <group value="CheckinProject" is_action="true" action_type="1" position="8">
      <path value="root" />
      <path value="Main Toolbar" />
      <path value="Right" />
    </group>
    <group value="ChangesView.Revert" is_action="true" action_type="1" position="9">
      <path value="root" />
      <path value="Main Toolbar" />
      <path value="Right" />
    </group>
    <group seperator="true" action_type="1" position="10">
      <path value="root" />
      <path value="Main Toolbar" />
      <path value="Right" />
    </group>
    <group seperator="true" action_type="1" position="11">
      <path value="root" />
      <path value="Main Toolbar" />
      <path value="Right" />
    </group>
    <action id="CleanGradleProject" icon="/home/oleksandr/Downloads/icons8-broom-50.png" />
    <action id="LocalHistory.ShowHistory" icon="jar:file:/home/oleksandr/dev/android-studio/lib/app.jar!/expui/toolbar/unknown.svg" />
  </component>
</application>