<application>
  <component name="GeneralSettings">
    <option name="showTipsOnStartup" value="false" />
    <option name="autoSaveIfInactive" value="true" />
    <option name="confirmExit" value="false" />
    <option name="confirmOpenNewProject2" value="0" />
    <option name="processCloseConfirmation" value="TERMINATE" />
  </component>
  <component name="Registry">
    <entry key="ide.experimental.ui" value="true" source="SYSTEM" />
    <entry key="debugger.valueTooltipAutoShowOnSelection" value="true" source="SYSTEM" />
    <entry key="ide.instant.shutdown" value="false" source="SYSTEM" />
    <entry key="debugger.watches.in.variables" value="false" source="SYSTEM" />
    <entry key="ide.balloon.shadow.size" value="0" source="SYSTEM" />
    <entry key="debugger.new.tool.window.layout" value="true" source="SYSTEM" />
    <entry key="com.android.studio.ml.activeModel" value="com.android.studio.ml.AidaModel" source="SYSTEM" />
    <entry key="moved.to.new.ui" value="true" source="SYSTEM" />
  </component>
  <component name="StatusBar">
    <option name="widgets">
      <map>
        <entry key="JSONSchemaSelector" value="false" />
        <entry key="git" value="true" />
        <entry key="mtStatusBar" value="false" />
      </map>
    </option>
  </component>
</application>