<application>
  <component name="Trusted.Paths">
    <option name="TRUSTED_PROJECT_PATHS">
      <map>
        <entry key="$USER_HOME$/Downloads/android-compose-codelabs-end/NavigationCodelab" value="true" />
        <entry key="$USER_HOME$/dev/KotlinProjects/fork/realm-kotlin" value="true" />
        <entry key="$USER_HOME$/dev/OrchardAndroid" value="true" />
        <entry key="$USER_HOME$/dev/OrchardAndroid1" value="true" />
        <entry key="$USER_HOME$/dev/OrchardAndroid_meeting_backup" value="true" />
        <entry key="$USER_HOME$/dev/OrchardAndroid_overlay_test" value="true" />
        <entry key="$USER_HOME$/dev/PathGrinder" value="true" />
        <entry key="$USER_HOME$/dev/PathGrinder2Android" value="true" />
        <entry key="$USER_HOME$/dev/StudioProjects" value="true" />
        <entry key="$USER_HOME$/dev/StudioProjects/DriverCoinAndroid" value="true" />
        <entry key="$USER_HOME$/dev/StudioProjects/KotlinFlowDemo" value="true" />
        <entry key="$USER_HOME$/dev/StudioProjects/MyApplication" value="true" />
        <entry key="$USER_HOME$/dev/StudioProjects/OrchardAndroid" value="true" />
        <entry key="$USER_HOME$/dev/StudioProjects/OrchardAndroid1" value="true" />
        <entry key="$USER_HOME$/dev/StudioProjects/OrchardAndroid_meeting_backup" value="true" />
        <entry key="$USER_HOME$/dev/StudioProjects/PathGrinder" value="true" />
        <entry key="$USER_HOME$/dev/StudioProjects/PathGrinder2Android" value="true" />
        <entry key="$USER_HOME$/dev/StudioProjects/RobboxAppAndroid" value="true" />
        <entry key="$USER_HOME$/dev/StudioProjects/TEDriver" value="true" />
        <entry key="$USER_HOME$/dev/StudioProjects/TrackEnsure-Fleet" value="true" />
        <entry key="$USER_HOME$/dev/StudioProjects/TrackEnsureELDAndroid" value="true" />
        <entry key="$USER_HOME$/dev/StudioProjects/advanced-android-testing" value="true" />
        <entry key="$USER_HOME$/dev/StudioProjects/codelab-android-compose/AnimationCodelab" value="true" />
        <entry key="$USER_HOME$/dev/StudioProjects/codelab-android-compose/NavigationCodelab" value="true" />
        <entry key="$USER_HOME$/dev/StudioProjects/codelab-android-compose/TestingCodelab" value="true" />
        <entry key="$USER_HOME$/dev/StudioProjects/codescanner" value="true" />
        <entry key="$USER_HOME$/dev/StudioProjects/realm-kotlin" value="true" />
        <entry key="$USER_HOME$/dev/TEDriver" value="true" />
        <entry key="$USER_HOME$/dev/TrackEnsure-Fleet" value="true" />
        <entry key="$USER_HOME$/dev/backup" value="true" />
        <entry key="$USER_HOME$/dev/backup/OrchardAndroid" value="true" />
        <entry key="$USER_HOME$/dev/backup/PathGrinder2Android" value="true" />
        <entry key="$USER_HOME$/dev/backup/RobboxAppAndroid" value="true" />
        <entry key="$USER_HOME$/dev/backup/TEDriver" value="true" />
        <entry key="$USER_HOME$/dev/backup2/TEDriver" value="true" />
        <entry key="$USER_HOME$/dev/realm-kotlin" value="true" />
        <entry key="$USER_HOME$/other/OrchardAndroid" value="true" />
      </map>
    </option>
  </component>
  <component name="Trusted.Paths.Settings">
    <option name="TRUSTED_PATHS">
      <list>
        <option value="$USER_HOME$/dev" />
      </list>
    </option>
  </component>
</application>