<application>
  <component name="DependencyUISettings">
    <option name="SCOPE_TYPE" value="file" />
  </component>
  <component name="UISettings">
    <option name="CONSOLE_COMMAND_HISTORY_LIMIT" value="1000" />
    <option name="CONSOLE_CYCLE_BUFFER_SIZE_KB" value="8192" />
    <option name="HIDE_TABS_IF_NEED" value="false" />
    <option name="MAX_LOOKUP_LIST_HEIGHT" value="12" />
    <option name="MAX_LOOKUP_WIDTH2" value="767" />
    <option name="OPEN_TABS_AT_THE_END" value="true" />
    <option name="OVERRIDE_CONSOLE_CYCLE_BUFFER_SIZE" value="true" />
    <option name="SCROLL_TAB_LAYOUT_IN_EDITOR" value="false" />
  </component>
</application>