<application>
  <component name="DimensionService">
    <location key="WELCOME_SCREEN.0.0.2048.1152" x="1024" y="300" />
    <location key="find.popup.0.0.1920.1080" x="399" y="143" />
    <location key="#com.android.tools.idea.emulator.dialogs.ManageSnapshotsDialog.0.0.1920.1080" x="594" y="232" />
    <location key="#com.android.tools.idea.streaming.emulator.dialogs.ManageSnapshotsDialog.0.0.1920.1080" x="592" y="232" />
    <location key="find.popup.0.0.3424.1926@192dpi" x="574" y="190" />
    <location key="find.popup.0.0.4096.2304@192dpi" x="890" y="254" />
    <size key="GridCell.Tab.0.left.0.0.1920.1080" width="1838" height="334" />
    <size key="GridCell.Tab.0.center.0.0.1920.1080" width="1838" height="334" />
    <size key="GridCell.Tab.0.right.0.0.1920.1080" width="1838" height="334" />
    <size key="GridCell.Tab.0.bottom.0.0.1920.1080" width="1838" height="334" />
    <size key="GridCell.Tab.1.left.0.0.1920.1080" width="1838" height="334" />
    <size key="GridCell.Tab.1.center.0.0.1920.1080" width="1838" height="334" />
    <size key="GridCell.Tab.1.right.0.0.1920.1080" width="1838" height="334" />
    <size key="GridCell.Tab.1.bottom.0.0.1920.1080" width="1838" height="334" />
    <size key="find.popup.0.0.1920.1080" width="1393" height="913" />
    <size key="GridCell.Tab.0.left.0.0.2560.1440" width="1838" height="240" />
    <size key="GridCell.Tab.0.center.0.0.2560.1440" width="1838" height="240" />
    <size key="GridCell.Tab.0.right.0.0.2560.1440" width="1838" height="240" />
    <size key="GridCell.Tab.0.bottom.0.0.2560.1440" width="1838" height="240" />
    <size key="javadoc.popup.new.0.0.1920.1080" width="876" height="408" />
    <size key="#com.android.tools.idea.emulator.dialogs.ManageSnapshotsDialog.0.0.1920.1080" width="800" height="649" />
    <size key="GridCell.Tab.1.left.0.0.2560.1440" width="1838" height="240" />
    <size key="GridCell.Tab.1.center.0.0.2560.1440" width="1838" height="240" />
    <size key="GridCell.Tab.1.right.0.0.2560.1440" width="1838" height="240" />
    <size key="GridCell.Tab.1.bottom.0.0.2560.1440" width="1838" height="240" />
    <size key="#com.android.tools.idea.streaming.emulator.dialogs.ManageSnapshotsDialog.0.0.1920.1080" width="800" height="649" />
    <size key="GridCell.Tab.0.left.0.0.3424.1926@192dpi" width="3260" height="548" />
    <size key="GridCell.Tab.0.center.0.0.3424.1926@192dpi" width="3260" height="548" />
    <size key="GridCell.Tab.0.right.0.0.3424.1926@192dpi" width="3260" height="548" />
    <size key="GridCell.Tab.0.bottom.0.0.3424.1926@192dpi" width="3260" height="548" />
    <size key="GridCell.Tab.1.left.0.0.3424.1926@192dpi" width="3676" height="766" />
    <size key="GridCell.Tab.1.center.0.0.3424.1926@192dpi" width="3676" height="766" />
    <size key="GridCell.Tab.1.right.0.0.3424.1926@192dpi" width="3676" height="766" />
    <size key="GridCell.Tab.1.bottom.0.0.3424.1926@192dpi" width="3676" height="766" />
    <size key="find.popup.0.0.3424.1926@192dpi" width="2528" height="1638" />
    <size key="GridCell.Tab.0.left.0.0.4096.2304@192dpi" width="3932" height="718" />
    <size key="GridCell.Tab.0.center.0.0.4096.2304@192dpi" width="3932" height="718" />
    <size key="GridCell.Tab.0.right.0.0.4096.2304@192dpi" width="3932" height="718" />
    <size key="GridCell.Tab.0.bottom.0.0.4096.2304@192dpi" width="3932" height="718" />
    <size key="find.popup.0.0.4096.2304@192dpi" width="1558" height="1364" />
  </component>
  <component name="WindowManager">
    <frame x="7" y="38" width="1905" height="1034" />
  </component>
  <component name="WindowStateApplicationService">
    <state x="734" y="245" width="601" height="491" key="FileChooserDialogImpl" timestamp="1763109871875">
      <screen x="0" y="27" width="1920" height="1053" />
    </state>
    <state x="734" y="245" width="601" height="491" key="FileChooserDialogImpl/0.27.1920.1053" timestamp="1763109871875" />
    <state width="765" height="128" key="ShowUsagesActions.dimensionServiceKey" timestamp="1766406676493">
      <screen x="0" y="27" width="1920" height="1053" />
    </state>
    <state width="765" height="128" key="ShowUsagesActions.dimensionServiceKey/0.27.1920.1053" timestamp="1766406676493" />
    <state x="959" y="491" width="833" height="685" key="WELCOME_SCREEN" timestamp="1763646258134">
      <screen x="0" y="27" width="1920" height="1053" />
    </state>
    <state x="959" y="491" width="833" height="685" key="WELCOME_SCREEN/0.27.1920.1053" timestamp="1763646258134" />
    <state width="300" height="525" key="manage.recent.projects.popup" timestamp="1764335710017">
      <screen x="0" y="27" width="1920" height="1053" />
    </state>
    <state width="300" height="525" key="manage.recent.projects.popup/0.27.1920.1053" timestamp="1764335710017" />
  </component>
</application>